{"weights": [-0.2123477055738971, 0.23819918362838524], "bias": 12.104747328078156}